{"cameraMode":{"drawMode":0,"name":"Shaded","section":"Shading Mode"},"sceneLighting":true,"audioPlay":false,"sceneViewState":{"showFog":true,"showMaterialUpdate":false,"showSkybox":true,"showFlares":true,"showImageEffects":true,"showParticleSystems":true},"in2DMode":false,"pivot":{"x":-0.2680654525756836,"y":1.28379487991333,"z":-1.279155969619751},"rotation":{"x":0.23601120710372926,"y":-0.6988831162452698,"z":0.26570889353752139,"w":0.620786190032959},"size":6.59365177154541,"orthographic":false}