{"cameraMode":{"drawMode":0,"name":"Shaded","section":"Shading Mode"},"sceneLighting":false,"audioPlay":false,"sceneViewState":{"showFog":true,"showMaterialUpdate":false,"showSkybox":false,"showFlares":true,"showImageEffects":true,"showParticleSystems":true},"in2DMode":false,"pivot":{"x":0.0,"y":5.121445655822754,"z":-0.028870582580566407},"rotation":{"x":0.05421088635921478,"y":-0.6727655529975891,"z":0.04953690990805626,"w":0.7362125515937805},"size":52.05286407470703,"orthographic":false}