{"cameraMode":{"drawMode":0,"name":"Shaded","section":"Shading Mode"},"sceneLighting":true,"audioPlay":false,"sceneViewState":{"showFog":true,"showMaterialUpdate":false,"showSkybox":true,"showFlares":true,"showImageEffects":true,"showParticleSystems":true},"in2DMode":false,"pivot":{"x":25.275787353515626,"y":-11.68988037109375,"z":3.221447467803955},"rotation":{"x":0.15224318206310273,"y":0.6402060985565186,"z":-0.13143150508403779,"w":0.7414571046829224},"size":18.651016235351564,"orthographic":false}