{"cameraMode":{"drawMode":0,"name":"Shaded","section":"Shading Mode"},"sceneLighting":false,"audioPlay":false,"sceneViewState":{"showFog":true,"showMaterialUpdate":false,"showSkybox":false,"showFlares":true,"showImageEffects":true,"showParticleSystems":true},"in2DMode":false,"pivot":{"x":-0.23627865314483643,"y":0.017535239458084108,"z":-1.1094670295715333},"rotation":{"x":-0.05491781607270241,"y":0.709999680519104,"z":-0.05571335181593895,"w":-0.6998503804206848},"size":1.6387317180633546,"orthographic":false}