{"cameraMode":{"drawMode":0,"name":"Shaded","section":"Shading Mode"},"sceneLighting":false,"audioPlay":false,"sceneViewState":{"showFog":true,"showMaterialUpdate":false,"showSkybox":false,"showFlares":true,"showImageEffects":true,"showParticleSystems":true},"in2DMode":false,"pivot":{"x":-0.1060248613357544,"y":-0.60223388671875,"z":-0.8940825462341309},"rotation":{"x":-0.03163639083504677,"y":0.9621456861495972,"z":-0.23883084952831269,"w":-0.12745152413845063},"size":1.4622776508331299,"orthographic":false}