{"cameraMode":{"drawMode":0,"name":"Shaded","section":"Shading Mode"},"sceneLighting":false,"audioPlay":false,"sceneViewState":{"showFog":true,"showMaterialUpdate":false,"showSkybox":false,"showFlares":true,"showImageEffects":true,"showParticleSystems":true},"in2DMode":false,"pivot":{"x":1480.7947998046875,"y":68.75367736816406,"z":11.777195930480957},"rotation":{"x":-0.05491781607270241,"y":0.709999680519104,"z":-0.05571335181593895,"w":-0.6998503804206848},"size":63.9012336730957,"orthographic":false}